from,to,,
Amandine Albisson,Madrid,,
Amandine_Albisson,Abu Dhabi,,
Amandine_Albisson,Tokio,,
Guillaume_Diop,Seoul,,
Mathieu_Ganio,Moskau,,
Mathieu_Ganio,Genf,,
Mathieu_Ganio,Tokio,,
Mathieu_Ganio,Nagoya,,
Mathieu_Ganio,Sydney,,
Mathieu_Ganio,Chicago,,
Mathieu_Ganio,Washington,,
Mathieu_Ganio,New York,,
Mathieu_Ganio,Abu Dhabi,,
Mathieu_Ganio,Malasya,,
Valentine_Colasante,Sydney,,
Valentine_Colasante,Beijing,,
Valentine_Colasante,Novosibirsk,,
Valentine_Colasante,Singapur,,
Valentine_Colasante,New York,,
Valentine_Colasante,Madrid,,
Valentine_Colasante,Malasya,,
Mathieu_Ganio,Singapur,,
Valentine_Colasante,Wien,,
Dorothée_Gilbert,Los Angeles,,
Dorothée_Gilbert,Rio de Janeiro,,
Dorothée_Gilbert,São Paulo,,
Dorothée_Gilbert,Tokio,,
Dorothée_Gilbert,Beijing,,
Dorothée_Gilbert,Shanghai,,
Dorothée_Gilbert,Brisbane,,
Dorothée_Gilbert,Palermo,,
Dorothée_Gilbert,Messina,,
Dorothée_Gilbert,San Remo,,
Dorothée_Gilbert,Acqui,,
Dorothée_Gilbert,Moskau,,
Dorothée_Gilbert,Toronto,,
Dorothée_Gilbert,Hanoi,,
Dorothée_Gilbert,Amsterdam Athen,,
Dorothée_Gilbert,Salerno,,
Dorothée_Gilbert,Washington,,
Dorothée_Gilbert,Chicago,,
Dorothée_Gilbert,New York,,
Dorothée_Gilbert,Sydney,,
Dorothée_Gilbert,Sankt Petersburg,,
Dorothée_Gilbert,Novosibirsk,,
Dorothée_Gilbert,Nagoya,,
Dorothée_Gilbert,Abu Dhabi,,
Dorothée_Gilbert,Madrid,,
